,name,tic,conm,execid,start_year,end_year,end_month,tenure_len
0,Donald Carty,AAL,AMERICAN AIRLINES GROUP INC,3661,2000,2003,1,4
1,Gerard Arpey,AAL,AMERICAN AIRLINES GROUP INC,14591,2000,2011,11,12
2,Thomas Horton,AAL,AMERICAN AIRLINES GROUP INC,26059,2006,2013,12,8
3,William Parker,AAL,AMERICAN AIRLINES GROUP INC,46191,2013,2022,1,10
4,Jack Davis,PNW,PINNACLE WEST CAPITAL CORP,16802,2000,2007,10,8
5,William Stewart,PNW,PINNACLE WEST CAPITAL CORP,16803,2000,2003,1,4
6,Donald Brandt,PNW,PINNACLE WEST CAPITAL CORP,5835,2002,2019,8,18
7,Randall Edington,PNW,PINNACLE WEST CAPITAL CORP,33218,2007,2017,1,11
8,James Hatfield,PNW,PINNACLE WEST CAPITAL CORP,12755,2008,2021,8,14
9,Maria Lacal,PNW,PINNACLE WEST CAPITAL CORP,59742,2020,2022,3,3
10,Derrick Meyer,AMD,ADVANCED MICRO DEVICES,25959,2001,2011,1,11
11,Bertrand Cambou,AMD,ADVANCED MICRO DEVICES,25960,2002,2003,1,2
12,Harold Wagner,APD,AIR PRODUCTS & CHEMICALS INC,15,2000,2001,1,2
13,John Jones,APD,AIR PRODUCTS & CHEMICALS INC,12121,2000,2007,12,8
14,John McGlade,APD,AIR PRODUCTS & CHEMICALS INC,27315,2002,2014,1,13
15,Lawrence Bossidy,HON,HONEYWELL INTERNATIONAL INC,26,2000,2002,1,3
16,Michael Bonsignore,HON,HONEYWELL INTERNATIONAL INC,1238,2000,2001,1,2
17,J. Gilligan,HON,HONEYWELL INTERNATIONAL INC,16275,2000,2003,1,4
18,Robert Johnson,HON,HONEYWELL INTERNATIONAL INC,18572,2000,2004,1,5
19,David Cote,HON,HONEYWELL INTERNATIONAL INC,20931,2002,2017,3,16
20,Robert Gillette,HON,HONEYWELL INTERNATIONAL INC,29132,2005,2009,9,5
21,Rajeev Gautam,HON,HONEYWELL INTERNATIONAL INC,53932,2017,2020,1,4
22,John Waldron,HON,HONEYWELL INTERNATIONAL INC,59748,2020,2020,1,1
23,Que Dallara,HON,HONEYWELL INTERNATIONAL INC,61032,2021,2021,1,1
24,Michael Madsen,HON,HONEYWELL INTERNATIONAL INC,61033,2021,2021,1,1
25,Klaus-Christian Kleinfeld,AA.3,ALCOA INC,32501,2007,2008,1,2
26,E. Draper,AEP,AMERICAN ELECTRIC POWER CO,1189,2000,2003,1,4
27,Kenneth Chenault,AXP,AMERICAN EXPRESS CO,2157,2000,2018,1,19
28,Maurice Greenberg,AIG,AMERICAN INTERNATIONAL GROUP,44,2000,2005,3,6
29,Martin Sullivan,AIG,AMERICAN INTERNATIONAL GROUP,26441,2001,2008,6,8
30,Jay Wintrob,AIG,AMERICAN INTERNATIONAL GROUP,10247,2002,2014,9,13
31,Edward Liddy,AIG,AMERICAN INTERNATIONAL GROUP,3246,2008,2009,8,2
32,Robert Willumstad,AIG,AMERICAN INTERNATIONAL GROUP,23050,2008,2008,6,1
33,Peter Hancock,AIG,AMERICAN INTERNATIONAL GROUP,18477,2010,2017,3,8
34,John Doyle,AIG,AMERICAN INTERNATIONAL GROUP,47223,2014,2015,12,2
35,Robert Scott Schimek,AIG,AMERICAN INTERNATIONAL GROUP,50857,2016,2017,1,2
36,Jerald Fishman,ADI,ANALOG DEVICES INC,3976,2000,2013,1,14
37,George Farris,APA,APA CORP,3994,2000,2015,1,16
38,Rodney Eichler,APA,APA CORP,27764,2002,2013,1,12
39,G. Andreas,ADM,ARCHER-DANIELS-MIDLAND CO,13958,2000,2006,1,7
40,Amar Hanspal,ADSK,AUTODESK INC,44608,2012,2017,2,6
41,Arthur Weinbach,ADP,AUTOMATIC DATA PROCESSING,1446,2000,2007,11,8
42,Gary Butler,ADP,AUTOMATIC DATA PROCESSING,2385,2000,2012,1,13
43,Michael Wiley,BHI,BAKER HUGHES INC,14341,2000,2004,1,5
44,Martin Craighead,BHI,BAKER HUGHES INC,35068,2007,2016,1,10
45,Lorenzo Simonelli,BHI,BAKER HUGHES INC,55154,2017,2018,1,2
46,George Sissel,BALL,BALL CORP,6207,2000,2001,1,2
47,Albert Schlesinger,BALL,BALL CORP,24393,2000,2002,1,3
48,Hanno Fiedler,BALL,BALL CORP,26025,2002,2005,1,4
49,John Hayes,BALL,BALL CORP,30913,2006,2022,1,17
50,Thomas Gibbons,BK,BANK OF NEW YORK MELLON CORP,30890,2006,2022,3,17
51,Ronald OHanley,BK,BANK OF NEW YORK MELLON CORP,23041,2007,2010,1,4
52,Robert Kelly,BK,BANK OF NEW YORK MELLON CORP,24419,2007,2011,9,5
53,Curtis Arledge,BK,BANK OF NEW YORK MELLON CORP,40789,2010,2016,1,7
54,Timothy Keaney,BK,BANK OF NEW YORK MELLON CORP,45371,2013,2014,6,2
55,Mitchell Harris,BK,BANK OF NEW YORK MELLON CORP,50385,2016,2020,7,5
56,Charles Scharf,BK,BANK OF NEW YORK MELLON CORP,20948,2017,2019,9,3
57,Harry Jansen Kraemer,BAX,BAXTER INTERNATIONAL INC,5894,2000,2004,1,5
58,Robert Parkinson,BAX,BAXTER INTERNATIONAL INC,14299,2004,2015,10,12
59,Lowell McAdam,VZ,VERIZON COMMUNICATIONS INC,32564,2007,2018,6,12
60,Ronan Dunne,VZ,VERIZON COMMUNICATIONS INC,55795,2018,2021,11,4
61,Brian Dunn,BBY,BEST BUY CO INC,28397,2002,2012,5,11
62,Robert Willett,BBY,BEST BUY CO INC,29811,2004,2009,11,6
63,Jonathan Wheway,BBY,BEST BUY CO INC,40065,2009,2009,1,1
64,Harry Stonecipher,BA,BOEING CO,902,2000,2005,3,6
65,Philip Condit,BA,BOEING CO,2633,2000,2003,1,4
66,Alan Mulally,BA,BOEING CO,16436,2000,2006,1,7
67,Dennis Muilenburg,BA,BOEING CO,42427,2011,2019,12,9
68,Charles Heimbold,BMY,BRISTOL-MYERS SQUIBB CO,1523,2000,2001,1,2
69,Peter Dolan,BMY,BRISTOL-MYERS SQUIBB CO,20876,2000,2006,9,7
70,Paul Varga,BF.B,BROWN FORMAN CORP,27109,2001,2018,1,18
71,H. Hanway,CI,CIGNA GROUP (THE),10499,2000,2009,1,10
72,Timothy Wentworth,CI,CIGNA GROUP (THE),28110,2018,2021,9,4
73,John Snow,CSX,CSX CORP,270,2000,2003,1,4
74,Robert Grassi,CSX,CSX CORP,21041,2000,2003,1,4
75,Charles Raymond,CSX,CSX CORP,24495,2000,2002,1,3
76,Andrew Fogarty,CSX,CSX CORP,26144,2001,2004,1,4
77,E. Harrison,CSX,CSX CORP,488,2017,2017,12,1
78,David Johnson,CPB,CAMPBELL SOUP CO,168,2000,2001,1,2
79,Douglas Conant,CPB,CAMPBELL SOUP CO,12560,2001,2011,6,11
80,Denise Morrison,CPB,CAMPBELL SOUP CO,34167,2008,2018,5,11
81,Alexander Berk,STZ,CONSTELLATION BRANDS,15565,2000,2008,1,9
82,Peter Aikens,STZ,CONSTELLATION BRANDS,19649,2000,2001,1,2
83,Jon Moramarco,STZ,CONSTELLATION BRANDS,22066,2000,2009,1,10
84,Stephen Millar,STZ,CONSTELLATION BRANDS,27042,2003,2005,1,3
85,Jose Fernandez,STZ,CONSTELLATION BRANDS,33195,2007,2009,1,3
86,James Millar,CAH,CARDINAL HEALTH INC,4783,2000,2003,1,4
87,Ronald Labrum,CAH,CARDINAL HEALTH INC,27290,2002,2006,1,5
88,David Schlotterbeck,CAH,CARDINAL HEALTH INC,4074,2005,2009,1,5
89,Ronal Clark,CAH,CARDINAL HEALTH INC,20200,2006,2010,1,5
90,Mark Parrish,CAH,CARDINAL HEALTH INC,32794,2007,2008,1,2
91,George Barrett,CAH,CARDINAL HEALTH INC,6395,2008,2018,1,11
92,Michael Lynch,CAH,CARDINAL HEALTH INC,40451,2010,2012,4,3
93,Donald Casey,CAH,CARDINAL HEALTH INC,43542,2012,2018,1,7
94,Jon Giacomin,CAH,CARDINAL HEALTH INC,48209,2015,2019,7,5
95,Glen Barton,CAT,CATERPILLAR INC,2777,2000,2004,1,5
96,James Owens,CAT,CATERPILLAR INC,10422,2000,2010,1,11
97,William Winters,JPM,JPMORGAN CHASE & CO,27855,2002,2009,1,8
98,Michael Cavanagh,JPM,JPMORGAN CHASE & CO,30919,2006,2013,1,8
99,James Staley,JPM,JPMORGAN CHASE & CO,34089,2006,2011,1,6
100,David O'Reilly,CVX,CHEVRON CORP,14687,2000,2009,1,10
101,John Watson,CVX,CHEVRON CORP,23369,2000,2018,1,19
102,Joseph Geagea,CVX,CHEVRON CORP,50867,2016,2021,8,6
103,Robert Davies III,CHD,CHURCH & DWIGHT INC,10992,2000,2004,1,5
104,James Craigie,CHD,CHURCH & DWIGHT INC,28032,2004,2016,1,13
105,G. Sullivan,CLX,CLOROX CO/DE,221,2000,2003,1,4
106,Gerald Johnston,CLX,CLOROX CO/DE,13962,2000,2006,1,7
107,Robert Matschullat,CLX,CLOROX CO/DE,3925,2006,2007,1,2
108,Douglas Daft,KO,COCA-COLA CO,14266,2000,2004,1,5
109,Muhtar Kent,KO,COCA-COLA CO,30847,2006,2018,12,13
110,Reuben Mark,CL,COLGATE-PALMOLIVE CO,229,2000,2007,7,8
111,Ian Cook,CL,COLGATE-PALMOLIVE CO,23250,2000,2019,2,20
112,Dennis Mahoney,AON,AON PLC,6081,2004,2005,1,2
113,Dirk Verbeek,AON,AON PLC,28163,2004,2005,1,2
114,Donald Ingram,AON,AON PLC,28164,2004,2004,1,1
115,Stephen McGill,AON,AON PLC,32607,2007,2017,1,11
116,Richard Ravin,AON,AON PLC,32608,2007,2007,1,1
117,Baljit Dail,AON,AON PLC,39833,2009,2010,1,2
118,Russell Fradin,AON,AON PLC,13960,2010,2010,1,1
119,Michael O'Connor,AON,AON PLC,41145,2010,2019,1,10
120,John Bruno,AON,AON PLC,28053,2019,2020,1,2
121,David Watson,CMCSA,COMCAST CORP,54909,2017,2022,1,6
122,Jeffrey Shell,CMCSA,COMCAST CORP,59771,2020,2022,1,3
123,Dana Strong,CMCSA,COMCAST CORP,61770,2021,2022,1,2
124,Ralph Babb,CMA,COMERICA INC,5070,2000,2019,4,20
125,Deryck Maughan,C,CITIGROUP INC,1268,2000,2002,1,3
126,Michael Carpenter,C,CITIGROUP INC,16267,2000,2001,1,2
127,Victor Menezes,C,CITIGROUP INC,20873,2000,2001,1,2
128,Charles Prince,C,CITIGROUP INC,24398,2000,2007,1,8
129,Sallie Krawcheck,C,CITIGROUP INC,25973,2002,2007,1,6
130,Vikram Pandit,C,CITIGROUP INC,18214,2007,2012,10,6
131,Michael Klein,C,CITIGROUP INC,32514,2007,2007,1,1
132,Ajaypal Banga,C,CITIGROUP INC,35245,2008,2008,1,1
133,Alberto Verme,C,CITIGROUP INC,36819,2009,2009,1,1
134,Manuel Medina-Mora Escalant,C,CITIGROUP INC,36820,2009,2014,1,6
135,Michael Corbat,C,CITIGROUP INC,40812,2010,2021,1,12
136,Eugene McQuade,C,CITIGROUP INC,2616,2012,2012,1,1
137,Stephen Bird,C,CITIGROUP INC,48578,2015,2019,11,5
138,Ernesto Cantu,C,CITIGROUP INC,61050,2021,2021,1,1
139,Peter Babej,C,CITIGROUP INC,61051,2021,2022,1,2
140,Bruce Rohde,CAG,CONAGRA BRANDS INC,13734,2000,2005,1,6
141,Kevin Burke,ED,CONSOLIDATED EDISON INC,21287,2000,2013,9,14
142,John McAvoy,ED,CONSOLIDATED EDISON INC,45701,2013,2020,9,8
143,William McCormick,CMS,CMS ENERGY CORP,223,2000,2002,1,3
144,Tamela Pallas,CMS,CMS ENERGY CORP,21428,2000,2001,1,2
145,Bradley Fischer,CMS,CMS ENERGY CORP,23388,2000,2002,1,3
146,Christopher Helms,CMS,CMS ENERGY CORP,23389,2000,2002,1,3
147,Kenneth Whipple,CMS,CMS ENERGY CORP,2669,2002,2004,10,3
148,John Russell,CMS,CMS ENERGY CORP,28223,2002,2016,1,15
149,Patricia Poppe,CMS,CMS ENERGY CORP,47256,2014,2020,11,7
150,A. Bender,COO,COOPER COS INC (THE),14292,2000,2007,4,8
151,Nicholas Pichotta,COO,COOPER COS INC (THE),14294,2000,2011,1,12
152,Robert Weiss,COO,COOPER COS INC (THE),14296,2000,2018,3,19
153,Robert Auerbach,COO,COOPER COS INC (THE),40814,2010,2020,7,11
154,W. Kiely,TAP,MOLSON COORS BEVERAGE CO,2140,2000,2008,1,9
155,Peter Kendall,TAP,MOLSON COORS BEVERAGE CO,16615,2000,2004,1,5
156,Peter Swinburn,TAP,MOLSON COORS BEVERAGE CO,27976,2002,2014,7,13
157,Kevin Boyce,TAP,MOLSON COORS BEVERAGE CO,29790,2005,2009,6,5
158,Frits van Paasschen,TAP,MOLSON COORS BEVERAGE CO,29791,2005,2006,1,2
159,Stewart Glendinning,TAP,MOLSON COORS BEVERAGE CO,35316,2008,2015,1,8
160,Mark Hunter,TAP,MOLSON COORS BEVERAGE CO,35317,2008,2019,7,12
161,David Perkins,TAP,MOLSON COORS BEVERAGE CO,27501,2009,2011,1,3
162,Simon Cox,TAP,MOLSON COORS BEVERAGE CO,56375,2018,2021,11,4
163,John Loose,GLW,CORNING INC,12452,2000,2002,1,3
164,Peter Volanakis,GLW,CORNING INC,23029,2000,2010,7,11
165,James Clappin,GLW,CORNING INC,46857,2014,2020,1,7
166,Jean Blackwell,CMI,CUMMINS INC,25915,2001,2008,1,8
167,George Sherman,DHR,DANAHER CORP,275,2000,2001,1,2
168,Robert Ulrich,TGT,TARGET CORP,2235,2000,2008,1,9
169,Gregg Steinhafel,TGT,TARGET CORP,6031,2000,2014,5,15
170,Samuel Allen,DE,DEERE & CO,30715,2004,2020,3,17
171,Marc Howze,DE,DEERE & CO,60872,2021,2022,1,2
172,Leo Mullin,DAL,DELTA AIR LINES INC,1383,2000,2003,1,4
173,Gerald Grinstein,DAL,DELTA AIR LINES INC,158,2004,2007,1,4
174,Gerard Anderson,DTE,DTE ENERGY CO,14626,2000,2020,12,21
175,Michael Eisner,DIS,DISNEY (WALT) CO,295,2000,2005,1,6
176,Cal Turner,DG,DOLLAR GENERAL CORP,297,2000,2002,1,3
177,David Perdue,DG,DOLLAR GENERAL CORP,18970,2003,2007,7,5
178,Thos. Capps,D,DOMINION ENERGY INC,298,2000,2005,4,6
179,Jay Johnson,D,DOMINION ENERGY INC,26000,2001,2007,1,7
180,Gary Sypolt,D,DOMINION ENERGY INC,40822,2010,2013,6,4
181,Thomas Reece,DOV,DOVER CORP,1504,2000,2004,1,5
182,Ronald Hoffman,DOV,DOVER CORP,24420,2000,2008,6,9
183,David Ropp,DOV,DOVER CORP,27595,2002,2009,6,8
184,David Van Loan,DOV,DOVER CORP,30836,2006,2011,1,6
185,Robert Livingston,DOV,DOVER CORP,35267,2008,2018,3,11
186,Thomas Giacomini,DOV,DOVER CORP,36851,2009,2012,1,4
187,Jeffrey Niew,DOV,DOVER CORP,43855,2012,2012,1,1
188,William Johnson,DOV,DOVER CORP,47266,2014,2014,1,1
189,C. Fincher,DOV,DOVER CORP,47267,2014,2017,1,4
190,Michael Parker,DD,DUPONT DE NEMOURS INC,10517,2000,2002,1,3
191,Keith Reinhard,OMC,OMNICOM GROUP INC,4369,2000,2002,1,3
192,Allen Rosenshine,OMC,OMNICOM GROUP INC,4370,2000,2003,1,4
193,Thomas Harrison,OMC,OMNICOM GROUP INC,18925,2000,2009,1,10
194,Jean-Marie Dru,OMC,OMNICOM GROUP INC,28264,2002,2006,1,5
195,Kenneth Kaess,OMC,OMNICOM GROUP INC,26815,2003,2005,1,3
196,Andrew Robertson,OMC,OMNICOM GROUP INC,28265,2004,2010,1,7
197,Charles Brymer,OMC,OMNICOM GROUP INC,32650,2006,2008,1,3
198,Thomas Carroll,OMC,OMNICOM GROUP INC,41158,2010,2010,1,1
199,Richard Priory,DUK,DUKE ENERGY CORP,2233,2000,2003,1,4
200,Ruth Shaw,DUK,DUKE ENERGY CORP,26159,2001,2006,1,6
201,James Rogers,DUK,DUKE ENERGY CORP,784,2006,2013,1,8
202,Siloo Mathew,DNB,DUN & BRADSTREET HOLDNGS INC,24914,2001,2013,1,13
203,Robert Carrigan,DNB,DUN & BRADSTREET HOLDNGS INC,45705,2013,2017,1,5
204,Allan Schuman,ECL,ECOLAB INC,1829,2000,2004,1,5
205,David Farr,EMR,EMERSON ELECTRIC CO,20396,2000,2021,2,22
206,Michael Haefner,ATO,ATMOS ENERGY CORP,40590,2010,2019,8,10
207,Thomas Chapman,EFX,EQUIFAX INC,4322,2000,2005,8,6
208,Richard Smith,EFX,EQUIFAX INC,29414,2005,2017,9,13
209,Paulino do Rego Barros,EFX,EQUIFAX INC,45402,2013,2018,7,6
210,Steven Schlotterbeck,EQT,EQT CORP,35078,2008,2018,3,11
211,Peter Rose,EXPD,EXPEDITORS INTL WASH INC,11440,2000,2014,1,15
212,Lee Raymond,XOM,EXXON MOBIL CORP,1101,2000,2005,12,6
213,Rex Tillerson,XOM,EXXON MOBIL CORP,26689,2001,2016,12,16
214,Robert Burt,FMC,FMC CORP,384,2000,2001,1,2
215,James Broadhead,NEE,NEXTERA ENERGY INC,391,2000,2001,1,2
216,Armando Olivera,NEE,NEXTERA ENERGY INC,23383,2000,2012,1,13
217,Eric Silagy,NEE,NEXTERA ENERGY INC,49010,2015,2022,1,8
218,T. Glenn,FDX,FEDEX CORP,17409,2000,2016,12,17
219,Daniel Sullivan,FDX,FEDEX CORP,3134,2002,2006,1,5
220,David Rebholz,FDX,FEDEX CORP,33976,2007,2007,1,1
221,Donald Colleran,FDX,FEDEX CORP,58974,2019,2021,1,3
222,George Schaefer,FITB,FIFTH THIRD BANCORP,350,2000,2007,1,8
223,Terry Zink,FITB,FIFTH THIRD BANCORP,40306,2009,2009,1,1
224,Frank Forrest,FITB,FIFTH THIRD BANCORP,45408,2013,2020,1,8
225,Carl Jones,RF,REGIONS FINANCIAL CORP,4360,2000,2005,7,6
226,Peter Miller,RF,REGIONS FINANCIAL CORP,21314,2000,2005,1,6
227,C. Ritter,RF,REGIONS FINANCIAL CORP,9132,2006,2010,2,5
228,John White,RF,REGIONS FINANCIAL CORP,23018,2006,2006,1,1
229,George Edwards,RF,REGIONS FINANCIAL CORP,31009,2006,2008,2,3
230,O. B. Hall,RF,REGIONS FINANCIAL CORP,27616,2007,2018,4,12
231,John Carson,RF,REGIONS FINANCIAL CORP,41170,2010,2011,1,2
232,Robert Wilmers,MTB,M&T BANK CORP,362,2000,2017,1,18
233,Robert Sadler,MTB,M&T BANK CORP,9235,2000,2006,11,7
234,Eugene Sheehy,MTB,M&T BANK CORP,25940,2003,2004,1,2
235,Jerry Grundhofer,USB,US BANCORP,886,2000,2006,12,7
236,Jacques Nasser,F,FORD MOTOR CO,12772,2000,2001,1,2
237,Mark Fields,F,FORD MOTOR CO,29617,2003,2017,5,15
238,Alan Mulally,F,FORD MOTOR CO,16436,2006,2014,7,9
239,Michael Bannister,F,FORD MOTOR CO,32630,2006,2007,1,2
240,Martin Flanagan,BEN,FRANKLIN RESOURCES INC,4457,2000,2005,7,6
241,Jay Johnson,GD,GENERAL DYNAMICS CORP,26000,2009,2012,6,4
242,John Welch,GE,GE AEROSPACE,406,2000,2001,1,2
243,Jeffrey Immelt,GE,GE AEROSPACE,20859,2000,2017,10,18
244,Michael Neal,GE,GE AEROSPACE,30799,2006,2012,1,7
245,John Rice,GE,GE AEROSPACE,30800,2006,2017,10,12
246,David Nissen,GE,GE AEROSPACE,35053,2008,2008,1,1
247,John Krenicki,GE,GE AEROSPACE,36881,2009,2011,1,3
248,David Joyce,GE,GE AEROSPACE,50438,2016,2019,1,4
249,Elizabeth Comstock,GE,GE AEROSPACE,50439,2016,2017,10,2
250,John Flannery,GE,GE AEROSPACE,54024,2017,2018,10,2
251,Stephen Sanger,GIS,GENERAL MILLS INC,2759,2000,2007,6,8
252,Kendall Powell,GIS,GENERAL MILLS INC,28542,2002,2017,5,16
253,G. Wagoner,GM,GENERAL MOTORS CO,2767,2000,2008,1,9
254,Daniel Akerson,GM,GENERAL MOTORS CO,407,2010,2014,1,5
255,William Stevens,GPC,GENUINE PARTS CO,43871,2012,2014,11,3
256,Timothy Breen,GPC,GENUINE PARTS CO,48600,2015,2018,1,4
257,Richard Keyser,GWW,GRAINGER (W W) INC,2276,2000,2008,3,9
258,Robert Harl,HAL,HALLIBURTON CO,23332,2001,2003,1,3
259,Edgar Ortiz,HAL,HALLIBURTON CO,23333,2001,2002,1,2
260,John Gibson,HAL,HALLIBURTON CO,26111,2003,2004,12,2
261,Phillip Farmer,LHX,L3HARRIS TECHNOLOGIES INC,2416,2000,2003,1,4
262,Brian Goldner,HAS,HASBRO INC,21212,2000,2021,10,22
263,Darren Throop,HAS,HASBRO INC,59810,2020,2022,8,3
264,Richard Stoddart,HAS,HASBRO INC,62158,2021,2022,1,2
265,Thomas DeRosa,WELL,WELLTOWER INC,26115,2014,2020,4,7
266,William Johnson,KHC,KRAFT HEINZ CO,3847,2000,2011,1,12
267,David Moran,KHC,KRAFT HEINZ CO,28484,2004,2011,1,8
268,C. O'Hara,KHC,KRAFT HEINZ CO,33889,2007,2011,1,5
269,Bernardo Hees,KHC,KRAFT HEINZ CO,41083,2013,2019,4,7
270,John Paul Bilbrey,HSY,HERSHEY CO,30900,2006,2017,1,12
271,Carleton Fiorina,HPQ,HP INC,17976,2000,2005,1,6
272,Mark Hurd,HPQ,HP INC,18929,2005,2010,1,6
273,Margaret Whitman,HPQ,HP INC,5706,2011,2015,8,5
274,Leo Apotheker,HPQ,HP INC,42515,2011,2011,9,1
275,Dion Weisler,HPQ,HP INC,45434,2013,2019,8,7
276,Stephen Bollenbach,HLT,HILTON WORLDWIDE HOLDINGS,12603,2000,2006,1,7
277,Mark Wang,HLT,HILTON WORLDWIDE HOLDINGS,44893,2012,2016,1,5
278,Robert Nardelli,HD,HOME DEPOT INC,21436,2000,2006,1,7
279,Craig Menear,HD,HOME DEPOT INC,32642,2006,2022,1,17
280,Joel Johnson,HRL,HORMEL FOODS CORP,1373,2000,2006,1,7
281,Jeffrey Ettinger,HRL,HORMEL FOODS CORP,27334,2002,2016,9,15
282,R. Letbetter,CNP,CENTERPOINT ENERGY INC,2516,2000,2002,1,3
283,David McClanahan,CNP,CENTERPOINT ENERGY INC,10794,2000,2013,10,14
284,Gary Whitlock,CNP,CENTERPOINT ENERGY INC,24690,2001,2015,1,15
285,Scott Prochazka,CNP,CENTERPOINT ENERGY INC,46887,2014,2020,3,7
286,Frank Wobst,HBAN,HUNTINGTON BANCSHARES,483,2000,2001,1,2
287,David Speer,ITW,ILLINOIS TOOL WORKS,14539,2000,2012,11,13
288,Paul Otellini,INTC,INTEL CORP,14770,2000,2013,5,14
289,Brian Krzanich,INTC,INTEL CORP,44188,2010,2018,6,9
290,Robert Swan,INTC,INTEL CORP,26136,2016,2021,1,6
291,Virginia Rometty,IBM,INTL BUSINESS MACHINES CORP,35092,2008,2020,1,13
292,Martin Schroeter,IBM,INTL BUSINESS MACHINES CORP,46897,2014,2019,2,6
293,Richard Goldstein,IFF,INTL FLAVORS & FRAGRANCES,21439,2000,2006,6,7
294,Arthur Martinez,IFF,INTL FLAVORS & FRAGRANCES,1535,2006,2006,6,1
295,Robert Amen,IFF,INTL FLAVORS & FRAGRANCES,23216,2006,2009,9,4
296,Douglas Tough,IFF,INTL FLAVORS & FRAGRANCES,40855,2010,2014,5,5
297,Andreas Fibig,IFF,INTL FLAVORS & FRAGRANCES,46900,2014,2022,1,9
298,John Dillon,IP,INTL PAPER CO,1174,2000,2003,1,4
299,John Dooner,IPG,INTERPUBLIC GROUP OF COS,11019,2000,2009,1,10
300,J. Ryan,IPG,INTERPUBLIC GROUP OF COS,9991,2001,2002,1,2
301,Stephen Gatfield,IPG,INTERPUBLIC GROUP OF COS,28858,2004,2006,1,3
302,Nicolas Brien,IPG,INTERPUBLIC GROUP OF COS,41200,2010,2011,1,2
303,Ralph Larsen,JNJ,JOHNSON & JOHNSON,516,2000,2002,1,3
304,Stephen Roell,JCI,JOHNSON CONTROLS INTL PLC,2660,2000,2013,1,14
305,Alex Molinaroli,JCI,JOHNSON CONTROLS INTL PLC,36409,2009,2017,8,9
306,Kenneth Schroeder,KLAC,KLA CORP,13929,2000,2006,1,7
307,David Wittig,EVRG,EVERGY INC,13396,2000,2002,1,3
308,James Haines,EVRG,EVERGY INC,2187,2002,2007,1,6
309,Mark Ruelle,EVRG,EVERGY INC,15284,2003,2017,1,15
310,Carlos Gutierrez,K,KELLANOVA,12459,2000,2005,1,6
311,Allan MacKay,K,KELLANOVA,23139,2000,2010,12,11
312,James Jenness,K,KELLANOVA,29077,2005,2006,1,2
313,Wayne Sanders,KMB,KIMBERLY-CLARK CORP,532,2000,2002,1,3
314,Thomas Falk,KMB,KIMBERLY-CLARK CORP,5780,2000,2019,11,20
315,David Dillon,KR,KROGER CO,2771,2000,2014,12,15
316,Martin Anstice,LRCX,LAM RESEARCH CORP,30439,2004,2019,1,16
317,John Lechleiter,LLY,LILLY (ELI) & CO,23011,2000,2016,7,17
318,Jerry Stritzke,BBWI,BATH & BODY WORKS INC,28013,2004,2004,1,1
319,Sharen Turney,BBWI,BATH & BODY WORKS INC,31103,2006,2015,1,10
320,Diane Neal,BBWI,BATH & BODY WORKS INC,32676,2007,2010,1,4
321,Stuart Burgdoerfer,BBWI,BATH & BODY WORKS INC,32677,2007,2021,5,15
322,Charles McGuigan,BBWI,BATH & BODY WORKS INC,42547,2011,2020,5,10
323,Nicholas Coe,BBWI,BATH & BODY WORKS INC,44202,2012,2018,1,7
324,Martin Waters,BBWI,BATH & BODY WORKS INC,50907,2016,2018,1,3
325,Andrew Meslow,BBWI,BATH & BODY WORKS INC,59835,2020,2022,5,3
326,Sarah Nash,BBWI,BATH & BODY WORKS INC,63561,2022,2022,5,1
327,Vance Coffman,LMT,LOCKHEED MARTIN CORP,2790,2000,2004,11,5
328,Robert Stevens,LMT,LOCKHEED MARTIN CORP,20910,2000,2013,1,14
329,Christopher Kubasik,LMT,LOCKHEED MARTIN CORP,29263,2003,2012,4,10
330,Marillyn Hewson,LMT,LOCKHEED MARTIN CORP,40864,2010,2021,1,12
331,Robert Tillman,LOW,LOWE'S COS INC,2833,2000,2004,1,5
332,Robert Niblock,LOW,LOWE'S COS INC,26697,2003,2018,5,16
333,Thomas Usher,MRO,MARATHON OIL CORP,1151,2000,2001,1,2
334,Christopher Nassetta,HST,HOST HOTELS & RESORTS INC,31068,2006,2007,10,2
335,Jeffrey Greenberg,MMC,MARSH & MCLENNAN COS,12687,2000,2004,10,5
336,Charles Davis,MMC,MARSH & MCLENNAN COS,21128,2000,2004,11,5
337,Ray Groves,MMC,MARSH & MCLENNAN COS,24532,2001,2003,1,3
338,Charles Haldeman,MMC,MARSH & MCLENNAN COS,21281,2002,2007,1,6
339,David Morrison,MMC,MARSH & MCLENNAN COS,29419,2003,2005,1,3
340,Michael Cherkasky,MMC,MARSH & MCLENNAN COS,16317,2004,2008,2,5
341,Brian Storms,MMC,MARSH & MCLENNAN COS,29417,2004,2007,9,4
342,Simon Freakley,MMC,MARSH & MCLENNAN COS,29418,2004,2008,1,5
343,Martha Burns,MMC,MARSH & MCLENNAN COS,20807,2006,2010,1,5
344,David Spiller,MMC,MARSH & MCLENNAN COS,30979,2006,2008,1,3
345,John Drzik,MMC,MARSH & MCLENNAN COS,32689,2007,2007,1,1
346,Brian Duperreault,MMC,MARSH & MCLENNAN COS,22916,2008,2012,9,5
347,Daniel Glaser,MMC,MARSH & MCLENNAN COS,35309,2008,2022,9,15
348,David Nadler,MMC,MARSH & MCLENNAN COS,41218,2010,2010,1,1
349,Peter Zaffino,MMC,MARSH & MCLENNAN COS,42560,2011,2016,1,6
350,Alexander Moczarski,MMC,MARSH & MCLENNAN COS,42561,2011,2013,1,3
351,Julio Portalatin,MMC,MARSH & MCLENNAN COS,44210,2012,2018,1,7
352,Timothy Wadhams,MAS,MASCO CORP,17656,2001,2014,1,14
353,Robert Lawless,MKC,MCCORMICK & CO INC,6020,2000,2008,1,9
354,James Cantalupo,MCD,MCDONALD'S CORP,2911,2000,2004,1,5
355,Jack Greenberg,MCD,MCDONALD'S CORP,2912,2000,2002,1,3
356,James Skinner,MCD,MCDONALD'S CORP,14881,2000,2012,3,13
357,Charles Bell,MCD,MCDONALD'S CORP,24724,2001,2004,11,4
358,Donald Thompson,MCD,MCDONALD'S CORP,41220,2008,2015,3,8
359,Stephen Easterbrook,MCD,MCDONALD'S CORP,47327,2014,2019,11,6
360,Harold McGraw,SPGI,S&P GLOBAL INC,1280,2000,2013,9,14
361,Glenn Goldberg,SPGI,S&P GLOBAL INC,24497,2000,2002,1,3
362,D. Smyth,SPGI,S&P GLOBAL INC,31218,2009,2013,1,5
363,Alexander Matturri,SPGI,S&P GLOBAL INC,48629,2015,2019,9,5
364,John Hammergren,MCK,MCKESSON CORP,13522,2000,2018,11,19
365,William Hawkins,MDT,MEDTRONIC PLC,25312,2001,2011,1,11
366,S. Ishrak,MDT,MEDTRONIC PLC,43432,2011,2020,4,10
367,Thomas Ryan,CVS,CVS HEALTH CORP,13499,2000,2011,1,12
368,Christopher Bodine,CVS,CVS HEALTH CORP,24410,2002,2008,4,7
369,Raymond Gilmartin,MRK,MERCK & CO,116,2000,2005,1,6
370,Fred Hassan,MRK,MERCK & CO,2172,2007,2009,1,3
371,Steven Appleton,MU,MICRON TECHNOLOGY INC,5088,2000,2012,1,13
372,Joel Kocher,MU,MICRON TECHNOLOGY INC,5419,2000,2001,1,2
373,Hugh McDonald,ETR,ENTERGY CORP,36970,2012,2016,1,5
374,Haley Fisackerly,ETR,ENTERGY CORP,36976,2012,2017,1,6
375,Charles Rice,ETR,ENTERGY CORP,46912,2012,2017,1,6
376,Sallie Rainer,ETR,ENTERGY CORP,46913,2012,2021,1,10
377,Jeffrey Forbes,ETR,ENTERGY CORP,45463,2013,2013,1,1
378,Phillip May,ETR,ENTERGY CORP,46915,2013,2017,1,5
379,Theodore Bunting,ETR,ENTERGY CORP,36973,2015,2015,1,1
380,W. McNerney,MMM,3M CO,23288,2001,2005,1,5
381,Robert Morrison,MMM,3M CO,12482,2005,2005,1,1
382,Inge Thulin,MMM,3M CO,32590,2006,2019,2,14
383,Christopher Galvin,MSI,MOTOROLA SOLUTIONS INC,3005,2000,2004,1,5
384,Edward Zander,MSI,MOTOROLA SOLUTIONS INC,3309,2004,2007,11,4
385,Sanjay Jha,MSI,MOTOROLA SOLUTIONS INC,25842,2008,2011,1,4
386,Heather Bresch,VTRS,VIATRIS INC,33212,2007,2019,1,13
387,Hugh McColl,BAC,BANK OF AMERICA CORP,670,2000,2001,1,2
388,Wayne Murdy,NEM,NEWMONT CORP,3786,2000,2007,12,8
389,Richard OBrien,NEM,NEWMONT CORP,14677,2005,2013,1,9
390,Gary Goldberg,NEM,NEWMONT CORP,43913,2012,2019,1,8
391,Philip Knight,NKE,NIKE INC  -CL B,685,2000,2004,11,5
392,William Perez,NKE,NIKE INC  -CL B,28545,2004,2005,1,2
393,Michael Spillane,NKE,NIKE INC  -CL B,51735,2016,2016,4,1
394,Michael Hilton,NDSN,NORDSON CORP,40607,2010,2019,2,10
395,David Goode,NSC,NORFOLK SOUTHERN CORP,691,2000,2006,1,7
396,James Squires,NSC,NORFOLK SOUTHERN CORP,32705,2007,2022,1,16
397,Michael Morris,ES,EVERSOURCE ENERGY,5366,2000,2003,1,4
398,Thomas May,ES,EVERSOURCE ENERGY,19098,2012,2016,4,5
399,Robert Skaggs,NI,NISOURCE INC,13173,2002,2015,6,14
400,Christopher Helms,NI,NISOURCE INC,23389,2005,2011,9,7
401,Eileen Odum,NI,NISOURCE INC,28746,2007,2008,1,2
402,Jimmy Staton,NI,NISOURCE INC,35325,2008,2013,12,6
403,Glen Kettering,NI,NISOURCE INC,42585,2011,2015,6,5
404,Joseph Hamrock,NI,NISOURCE INC,44225,2012,2022,1,11
405,Wayne Brunetti,XEL,XCEL ENERGY INC,202,2000,2005,7,6
406,Richard Kelly,XEL,XCEL ENERGY INC,4729,2000,2011,5,12
407,Patricia Vincent,XEL,XCEL ENERGY INC,26109,2001,2006,1,6
408,David Sparby,XEL,XCEL ENERGY INC,35338,2008,2014,11,7
409,Frederick Waddell,NTRS,NORTHERN TRUST CORP,27589,2002,2018,11,17
410,Kent Kresa,NOC,NORTHROP GRUMMAN CORP,695,2000,2003,1,4
411,Wesley Bush,NOC,NORTHROP GRUMMAN CORP,29729,2003,2018,9,16
412,John Stumpf,WFC,WELLS FARGO & CO,24449,2000,2016,10,17
413,Timothy Sloan,WFC,WELLS FARGO & CO,42593,2011,2019,3,9
414,Petros Pelos,WFC,WELLS FARGO & CO,54100,2017,2019,1,3
415,Mary Mack,WFC,WELLS FARGO & CO,55900,2018,2022,1,5
416,John Ferriola,NUE,NUCOR CORP,26034,2001,2019,9,19
417,Keith Grass,NUE,NUCOR CORP,35195,2008,2014,8,7
418,James Frias,NUE,NUCOR CORP,40875,2010,2022,2,13
419,Stephen Chazen,OXY,OCCIDENTAL PETROLEUM CORP,14382,2000,2016,2,17
420,H. Burg,FE,FIRSTENERGY CORP,1526,2000,2003,1,4
421,Charles Jones,FE,FIRSTENERGY CORP,41238,2010,2020,10,11
422,Steven Strah,FE,FIRSTENERGY CORP,50488,2016,2022,9,7
423,John Gibson,OKE,ONEOK INC,23533,2000,2014,1,15
424,William Cordes,OKE,ONEOK INC,29607,2004,2005,1,2
425,Terry Spencer,OKE,ONEOK INC,38486,2007,2021,5,15
426,Joseph Guyaux,PNC,PNC FINANCIAL SVCS GROUP INC,16451,2000,2015,10,16
427,Raymond LeBoeuf,PPG,PPG INDUSTRIES INC,1673,2000,2005,7,6
428,Ronald Armstrong,PCAR,PACCAR INC,37023,2009,2019,4,11
429,Gordon Smith,PCG,PG&E CORP,10428,2000,2005,1,6
430,Thomas Boren,PCG,PG&E CORP,10725,2000,2002,1,3
431,Thomas King,PCG,PG&E CORP,18553,2000,2007,1,8
432,Peter Darbee,PCG,PG&E CORP,20327,2000,2011,4,12
433,William Morrow,PCG,PG&E CORP,32652,2007,2008,1,2
434,Geisha Williams,PCG,PG&E CORP,49082,2015,2019,1,5
435,Stephen Baum,SRE,SEMPRA ENERGY,5786,2000,2005,1,6
436,Debra Reed-Klages,SRE,SEMPRA ENERGY,10727,2008,2018,1,11
437,Duane Collins,PH,PARKER-HANNIFIN CORP,3537,2000,2001,1,2
438,Donald Washkewicz,PH,PARKER-HANNIFIN CORP,23195,2000,2016,1,17
439,Martin Mucci,PAYX,PAYCHEX INC,27162,2001,2022,8,22
440,William Hecht,PPL,PPL CORP,741,2000,2006,1,7
441,William Spence,PPL,PPL CORP,27917,2007,2020,2,14
442,Victor Staffieri,PPL,PPL CORP,4972,2010,2017,1,8
443,Paul Thompson,PPL,PPL CORP,56444,2018,2021,8,4
444,Philip Swift,PPL,PPL CORP,61364,2021,2021,1,1
445,Randall Hogan,PNR,PENTAIR PLC,18547,2000,2018,3,19
446,Roger Enrico,PEP,PEPSICO INC,1116,2000,2001,1,2
447,Indra Nooyi,PEP,PEPSICO INC,18812,2000,2019,1,20
448,Gary Rodkin,PEP,PEPSICO INC,24486,2000,2004,1,5
449,Peter Thompson,PEP,PEPSICO INC,24487,2000,2002,1,3
450,Robert Morrison,PEP,PEPSICO INC,12482,2001,2002,1,2
451,John Compton,PEP,PEPSICO INC,29281,2003,2010,1,8
452,Irene Rosenfeld,PEP,PEPSICO INC,23077,2004,2005,1,2
453,Dawn Hudson,PEP,PEPSICO INC,30941,2006,2007,1,2
454,Albert Carey,PEP,PEPSICO INC,32664,2007,2018,12,12
455,Massimo dAmore,PEP,PEPSICO INC,37035,2009,2010,1,2
456,Eric Foss,PEP,PEPSICO INC,21139,2010,2011,9,2
457,Brian Cornell,PEP,PEPSICO INC,28093,2012,2013,1,2
458,Saad Abdul-Latif,PEP,PEPSICO INC,43924,2012,2012,1,1
459,Enderson Guimaraes,PEP,PEPSICO INC,47355,2014,2014,1,1
460,Sanjeev Chadha,PEP,PEPSICO INC,47356,2014,2017,10,4
461,Thomas Greco,PEP,PEPSICO INC,48641,2015,2015,1,1
462,Henry McKinnell,PFE,PFIZER INC,1669,2000,2006,12,7
463,Jeffrey Kindler,PFE,PFIZER INC,14882,2002,2010,12,9
464,Ian Read,PFE,PFIZER INC,30886,2006,2019,12,14
465,John Rowe,EXC,EXELON CORP,675,2000,2012,3,13
466,Corbin McNeill,EXC,EXELON CORP,1229,2000,2002,1,3
467,Ian McLean,EXC,EXELON CORP,20994,2000,2010,7,11
468,Frank Clark,EXC,EXELON CORP,29713,2003,2010,1,8
469,Christopher Crane,EXC,EXELON CORP,32586,2006,2022,10,17
470,Kenneth Cornew,EXC,EXELON CORP,37039,2009,2021,1,13
471,Joseph Nigro,EXC,EXELON CORP,55911,2018,2022,10,5
472,Anne Pramaggiore,EXC,EXELON CORP,55912,2018,2019,10,2
473,Geoffrey Bible,MO,ALTRIA GROUP INC,1493,2000,2002,1,3
474,Louis Camilleri,MO,ALTRIA GROUP INC,14417,2000,2008,3,9
475,Michael Szymanczyk,MO,ALTRIA GROUP INC,16361,2000,2012,1,13
476,Roger Deromedi,MO,ALTRIA GROUP INC,23075,2000,2005,1,6
477,Betsy Holden,MO,ALTRIA GROUP INC,23076,2000,2002,1,3
478,Andre Calantzopoulos,MO,ALTRIA GROUP INC,32598,2007,2007,1,1
479,Martin Barrington,MO,ALTRIA GROUP INC,35355,2008,2018,2,11
480,Craig Johnson,MO,ALTRIA GROUP INC,35356,2008,2019,1,12
481,Kevin Crosthwaite,MO,ALTRIA GROUP INC,56449,2018,2019,9,2
482,James Mulva,COP,CONOCOPHILLIPS,5960,2000,2012,4,13
483,John Lowe,COP,CONOCOPHILLIPS,23301,2000,2008,10,9
484,Balaji Purushothaman,PG,PROCTER & GAMBLE CO,46460,2014,2016,1,3
485,Stephen Bishop,PG,PROCTER & GAMBLE CO,49969,2016,2021,6,6
486,Mary Ferguson-McHugh,PG,PROCTER & GAMBLE CO,51739,2017,2021,6,5
487,Carolyn Tastad,PG,PROCTER & GAMBLE CO,52751,2019,2022,1,4
488,E. Ferland,PEG,PUBLIC SERVICE ENTRP GRP INC,786,2000,2007,1,8
489,Robert Burgess,PHM,PULTEGROUP INC,3097,2000,2001,1,2
490,Mark O'Brien,PHM,PULTEGROUP INC,14803,2000,2003,1,4
491,Richard Riess,RJF,RAYMOND JAMES FINANCIAL INC,16117,2000,2009,1,10
492,Chester Helck,RJF,RAYMOND JAMES FINANCIAL INC,25830,2001,2014,1,14
493,Richard Averitt III,RJF,RAYMOND JAMES FINANCIAL INC,25831,2001,2006,1,6
494,Kenneth Shields,RJF,RAYMOND JAMES FINANCIAL INC,28969,2003,2005,1,3
495,Paul Allison,RJF,RAYMOND JAMES FINANCIAL INC,40614,2008,2009,1,2
496,Dennis Zank,RJF,RAYMOND JAMES FINANCIAL INC,40613,2010,2018,4,9
497,Keith Nosbusch,ROK,ROCKWELL AUTOMATION,17969,2000,2016,4,17
498,Glen Rollins,ROL,ROLLINS INC,23480,2001,2010,9,10
499,Douglas Leatherdale,SPC.2,ST PAUL COS,882,2000,2001,1,2
500,Jay Fishman,SPC.2,ST PAUL COS,12698,2001,2004,1,4
501,D. Baird,SLB,SCHLUMBERGER LTD,836,2000,2003,1,4
502,Chakib Sbiti,SLB,SCHLUMBERGER LTD,25941,2003,2010,1,8
503,Satish Pai,SLB,SCHLUMBERGER LTD,27553,2004,2013,6,10
504,Paal Kibsgaard,SLB,SCHLUMBERGER LTD,37088,2009,2019,7,11
505,Robert O'Toole,AOS,SMITH (A.O.),9656,2000,2005,1,6
506,Ajita Rajendra,AOS,SMITH (A.O.),30390,2005,2020,4,16
507,Robert Cornog,SNA,SNAP-ON INC,861,2000,2001,1,2
508,Dale Elliott,SNA,SNAP-ON INC,20901,2000,2004,11,5
509,Jack Michaels,SNA,SNAP-ON INC,472,2004,2007,12,4
510,Robert Gillespie,KEY,KEYCORP,863,2000,2001,1,2
511,Henry Meyer,KEY,KEYCORP,3725,2000,2011,3,12
512,Beth Mooney,KEY,KEYCORP,23128,2006,2020,5,15
513,John Bryson,EIX,EDISON INTERNATIONAL,833,2000,2008,1,9
514,Stephen Frank,EIX,EDISON INTERNATIONAL,1223,2000,2001,1,2
515,Alan Fohrer,EIX,EDISON INTERNATIONAL,3204,2000,2010,12,11
516,Theodore Craver,EIX,EDISON INTERNATIONAL,21430,2000,2016,1,17
517,Kevin Payne,EIX,EDISON INTERNATIONAL,50505,2014,2021,10,8
518,H. Franklin,SO,SOUTHERN CO,3304,2000,2004,1,5
519,David Ratcliffe,SO,SOUTHERN CO,19239,2000,2010,1,11
520,W. Hairston III,SO,SOUTHERN CO,23343,2000,2003,1,4
521,Charles McCrary,SO,SOUTHERN CO,23344,2000,2014,2,15
522,Michael Garrett,SO,SOUTHERN CO,28134,2004,2010,11,7
523,William Bowers,SO,SOUTHERN CO,31165,2006,2021,1,16
524,Mark Crosswhite,SO,SOUTHERN CO,49103,2014,2022,11,9
525,Andrew Evans,SO,SOUTHERN CO,29234,2016,2021,8,6
526,James Parker,LUV,SOUTHWEST AIRLINES,4599,2000,2005,1,6
527,Edward Whitacre,T,AT&T INC,874,2000,2007,1,8
528,Edward Mueller,T,AT&T INC,20844,2000,2001,1,2
529,Stanley Sigman,T,AT&T INC,23046,2000,2007,10,8
530,Ralph De la Vega,T,AT&T INC,32505,2007,2016,12,10
531,John Donovan,T,AT&T INC,32011,2015,2019,1,5
532,John Trani,SWK,STANLEY BLACK & DECKER INC,14317,2000,2003,1,4
533,James Loree,SWK,STANLEY BLACK & DECKER INC,18649,2000,2022,6,23
534,David Spina,STT,STATE STREET CORP,4791,2000,2004,1,5
535,Joseph Hooley,STT,STATE STREET CORP,29123,2005,2018,12,14
536,Scott Powers,STT,STATE STREET CORP,41264,2010,2012,1,3
537,Jeffrey Conway,STT,STATE STREET CORP,56462,2018,2018,1,1
538,Ronald Havner,PSA,PUBLIC STORAGE,26652,2002,2018,2,17
539,John Brown,SYK,STRYKER CORP,896,2000,2004,1,5
540,Stephen MacMillan,SYK,STRYKER CORP,25904,2003,2012,2,10
541,Timothy Scannell,SYK,STRYKER CORP,37116,2009,2021,8,13
542,Charles Cotros,SYY,SYSCO CORP,3363,2000,2003,1,4
543,Richard Schnieders,SYY,SYSCO CORP,13949,2000,2009,1,10
544,William DeLaney,SYY,SYSCO CORP,34164,2008,2018,1,11
545,Jeffrey Black,TFX,TELEFLEX INC,23463,2000,2011,1,12
546,Benson Smith,TFX,TELEFLEX INC,2465,2011,2017,12,7
547,Michael Bradley,TER,TERADYNE INC,14965,2000,2014,1,15
548,Theodore French,TXT,TEXTRON INC,10871,2000,2009,2,10
549,Marijn Dekkers,TMO,THERMO FISHER SCIENTIFIC INC,21489,2000,2009,9,10
550,Charles Hudson,GL,GLOBE LIFE INC,3563,2000,2013,11,14
551,Anthony McWhorter,GL,GLOBE LIFE INC,18805,2000,2004,1,5
552,Roger Smith,GL,GLOBE LIFE INC,41270,2008,2017,1,10
553,Steven Greer,GL,GLOBE LIFE INC,55939,2016,2022,1,7
554,L. Kozlowski,TYC,TYCO INTERNATIONAL PLC,1401,2000,2002,1,3
555,Thomas Lynch,TYC,TYCO INTERNATIONAL PLC,24546,2004,2006,1,3
556,George Oliver,TYC,TYCO INTERNATIONAL PLC,34834,2008,2015,1,8
557,Dustin Womble,TYL,TYLER TECHNOLOGIES INC,33511,2006,2016,1,11
558,Robert Peterson,TSN,TYSON FOODS INC  -CL A,484,2000,2001,1,2
559,Richard Bond,TSN,TYSON FOODS INC  -CL A,6153,2000,2009,1,10
560,Donnie Smith,TSN,TYSON FOODS INC  -CL A,34756,2007,2017,1,11
561,Thomas Hayes,TSN,TYSON FOODS INC  -CL A,43572,2016,2018,9,3
562,Samuel Banks,TSN,TYSON FOODS INC  -CL A,59078,2020,2021,6,2
563,James Goodwin,UAL,UNITED AIRLINES HOLDINGS INC,14646,2000,2001,1,2
564,John Creighton,UAL,UNITED AIRLINES HOLDINGS INC,1037,2001,2002,1,2
565,Jeffery Smisek,UAL,UNITED AIRLINES HOLDINGS INC,41273,2010,2015,1,6
566,Charles Mueller,AEE,AMEREN CORP,1525,2000,2003,1,4
567,Steven Sullivan,AEE,AMEREN CORP,27551,2002,2013,3,12
568,Scott Cisel,AEE,AMEREN CORP,32492,2007,2009,1,3
569,William McGuire,UNH,UNITEDHEALTH GROUP INC,975,2000,2006,10,7
570,Jeannine Rivet,UNH,UNITEDHEALTH GROUP INC,5993,2000,2001,1,2
571,R. Wheeler,UNH,UNITEDHEALTH GROUP INC,16999,2000,2003,1,4
572,Robert Sheehy,UNH,UNITEDHEALTH GROUP INC,23317,2000,2004,1,5
573,George Mikan,UNH,UNITEDHEALTH GROUP INC,31145,2006,2011,1,6
574,Larry Renfro,UNH,UNITEDHEALTH GROUP INC,14717,2009,2017,8,9
575,Gail Boudreaux,UNH,UNITEDHEALTH GROUP INC,41281,2010,2014,1,5
576,Steven Nelson,UNH,UNITEDHEALTH GROUP INC,31542,2017,2019,10,3
577,James Kelly,UPS,UNITED PARCEL SERVICE INC,18618,2000,2001,1,2
578,Michael Eskew,UPS,UNITED PARCEL SERVICE INC,21067,2000,2007,10,8
579,D. Davis,UPS,UNITED PARCEL SERVICE INC,27633,2002,2014,6,13
580,David Abney,UPS,UNITED PARCEL SERVICE INC,29227,2003,2020,3,18
581,Louis Chenevert,RTX,RTX CORP,21001,2000,2014,1,15
582,Geraud Darnis,RTX,RTX CORP,25895,2001,2015,7,15
583,Alain Bellemare,RTX,RTX CORP,42684,2011,2015,1,5
584,Robert McDonough,RTX,RTX CORP,27267,2016,2019,1,4
585,Robert Ortberg,RTX,RTX CORP,32337,2018,2020,4,3
586,Karl Salzburger,VFC,VF CORP,37152,2009,2017,1,9
587,Steven Rendle,VFC,VF CORP,42686,2011,2022,12,12
588,H. Scott,WMT,WALMART INC,15154,2000,2008,11,9
589,Thomas Grimm,WMT,WALMART INC,19381,2000,2001,1,2
590,William Simon,WMT,WALMART INC,41288,2010,2013,1,4
591,Neil Ashe,WMT,WALMART INC,42694,2011,2015,1,5
592,Rosalind Brewer,WMT,WALMART INC,44288,2012,2015,1,4
593,Gregory Foran,WMT,WALMART INC,47385,2014,2018,1,5
594,David Cheesewright,WMT,WALMART INC,47386,2014,2016,1,3
595,Marc Lore,WMT,WALMART INC,50957,2016,2017,1,2
596,Judith McKenna,WMT,WALMART INC,56483,2018,2022,1,5
597,Jeffrey Rein,WBA,WALGREENS BOOTS ALLIANCE INC,24162,2000,2009,1,10
598,Gregory Wasson,WBA,WALGREENS BOOTS ALLIANCE INC,30581,2004,2015,1,12
599,Alan McNally,WBA,WALGREENS BOOTS ALLIANCE INC,36400,2009,2009,1,1
600,Timothy McLevish,WBA,WALGREENS BOOTS ALLIANCE INC,20860,2014,2015,1,2
601,Donald Morel,WST,WEST PHARMACEUTICAL SVSC INC,33558,2006,2015,7,10
602,Arif Shakeel,WDC,WESTERN DIGITAL CORP,20185,2000,2007,1,8
603,Stephen Milligan,WDC,WESTERN DIGITAL CORP,28834,2004,2020,3,17
604,John Coyne,WDC,WESTERN DIGITAL CORP,30639,2005,2013,1,9
605,John Luke,MWV,MEADWESTVACO CORP,1471,2000,2014,1,15
606,Steven Rogel,WY,WEYERHAEUSER CO,1396,2000,2008,2,9
607,Doyle Simons,WY,WEYERHAEUSER CO,30990,2013,2018,8,6
608,David Whitwam,WHR,WHIRLPOOL CORP,1039,2000,2004,1,5
609,Jeffrey Fettig,WHR,WHIRLPOOL CORP,14379,2000,2018,12,19
610,Cuba Wadlington,WMB,WILLIAMS COS INC,23888,2000,2001,1,2
611,Richard Abdoo,WEC,WEC ENERGY GROUP INC,1045,2000,2004,1,5
612,James Donnelly,WEC,WEC ENERGY GROUP INC,7540,2000,2003,1,4
613,Allen Leverett,WEC,WEC ENERGY GROUP INC,26265,2003,2018,10,16
614,William Harvey,LNT,ALLIANT ENERGY CORP,5256,2000,2012,1,13
615,Patricia Kampling,LNT,ALLIANT ENERGY CORP,38717,2009,2019,2,11
616,Bernard Cammarata,TJX,TJX COS INC (THE),940,2000,2006,1,7
617,Edmond English,TJX,TJX COS INC (THE),16958,2000,2005,1,6
618,John Gisi,ZION,ZIONS BANCORPORATION NA,7592,2000,2001,1,2
619,David Blackford,ZION,ZIONS BANCORPORATION NA,23178,2000,2018,1,19
620,Stanley Savage,ZION,ZIONS BANCORPORATION NA,24456,2001,2006,1,6
621,Paul Murphy,ZION,ZIONS BANCORPORATION NA,18535,2006,2009,1,4
622,John Allison,TFC,TRUIST FINANCIAL CORP,113,2000,2008,8,9
623,Philip Purcell,MS,MORGAN STANLEY,279,2000,2005,7,6
624,Walid Chammah,MS,MORGAN STANLEY,29006,2005,2010,1,6
625,George Roche,TROW,PRICE (T. ROWE) GROUP,11215,2000,2006,3,7
626,James Kennedy,TROW,PRICE (T. ROWE) GROUP,12403,2000,2015,5,16
627,William Stromberg,TROW,PRICE (T. ROWE) GROUP,32449,2007,2021,7,15
628,Steven Ballmer,MSFT,MICROSOFT CORP,2967,2000,2014,8,15
629,Mark Hurd,ORCL,ORACLE CORP,18929,2010,2019,1,10
630,Michael Fleisher,IT,GARTNER INC,14441,2000,2004,1,5
631,Lewis Schwartz,IT,GARTNER INC,29910,2003,2015,1,13
632,John Warnock,ADBE,ADOBE INC,7,2000,2001,1,2
633,Bruce Chizen,ADBE,ADOBE INC,16349,2000,2007,11,8
634,Leslie Muma,FI,FISERV INC,4431,2000,2005,1,6
635,Jeffery Yabuki,FI,FISERV INC,23954,2005,2020,4,16
636,James Flaherty,DOC,HEALTHPEAK PROPERTIES INC,33985,2006,2013,10,8
637,Thomas Herzog,DOC,HEALTHPEAK PROPERTIES INC,31046,2009,2022,10,14
638,Lauralee Martin,DOC,HEALTHPEAK PROPERTIES INC,21105,2013,2016,7,4
639,John Auer,PGR,PROGRESSIVE CORP-OHIO,48708,2015,2017,3,3
640,Robert Wiederhold,CDNS,CADENCE DESIGN SYSTEMS INC,21411,2000,2001,1,2
641,Michael Fister,CDNS,CADENCE DESIGN SYSTEMS INC,27937,2004,2008,10,5
642,Chi-Ping Hsu,CDNS,CADENCE DESIGN SYSTEMS INC,35479,2008,2013,1,6
643,Robert Dickinson,CCL,CARNIVAL CORPORATION & PLC,1213,2000,2007,7,8
644,A. Lanterman,CCL,CARNIVAL CORPORATION & PLC,1320,2000,2004,1,5
645,Pier Foschi,CCL,CARNIVAL CORPORATION & PLC,23009,2000,2012,1,13
646,Peter Ratcliffe,CCL,CARNIVAL CORPORATION & PLC,25897,2003,2007,6,5
647,Arnold Donald,CCL,CARNIVAL CORPORATION & PLC,45517,2013,2022,1,10
648,Stein Kruse,CCL,CARNIVAL CORPORATION & PLC,48710,2015,2020,1,6
649,John Miles II,XRAY,DENTSPLY SIRONA INC,5557,2000,2003,1,4
650,Gerald Kunkle,XRAY,DENTSPLY SIRONA INC,14949,2000,2006,1,7
651,Jeffrey Slovin,XRAY,DENTSPLY SIRONA INC,45652,2016,2017,10,2
652,Mark Thierer,XRAY,DENTSPLY SIRONA INC,53866,2016,2018,1,3
653,Donald Casey,XRAY,DENTSPLY SIRONA INC,43542,2018,2022,4,5
654,John Groetelaars,XRAY,DENTSPLY SIRONA INC,55861,2022,2022,8,1
655,Leslie Moonves,PARA,PARAMOUNT GLOBAL,14541,2004,2018,1,15
656,Juan Alaix,ZTS,ZOETIS INC,44952,2011,2020,1,10
657,Thomas Grudnowski,FICO,FAIR ISAAC CORP,20690,2000,2007,1,8
658,David Pottruck,SCHW,SCHWAB (CHARLES) CORP,4153,2000,2004,1,5
659,Alan Weber,SCHW,SCHWAB (CHARLES) CORP,16358,2002,2005,1,4
660,Peter Scaturro,SCHW,SCHWAB (CHARLES) CORP,29401,2005,2007,4,3
661,Marie Chandoha,SCHW,SCHWAB (CHARLES) CORP,49161,2015,2017,1,3
662,Timothy Dove,PXD,PIONEER NATURAL RESOURCES CO,14992,2000,2019,1,20
663,J. Lanni,MGM,MGM RESORTS INTERNATIONAL,4766,2000,2008,1,9
664,John Redmond,MGM,MGM RESORTS INTERNATIONAL,23281,2000,2007,8,8
665,James Murren,MGM,MGM RESORTS INTERNATIONAL,23285,2000,2020,3,21
666,A. Myers,WM,WASTE MANAGEMENT INC,12887,2000,2004,1,5
667,David Steiner,WM,WASTE MANAGEMENT INC,26530,2001,2016,11,16
668,James Flores,FCX,FREEPORT-MCMORAN INC,19144,2013,2016,4,4
669,John Richels,DVN,DEVON ENERGY CORP,26816,2001,2015,1,15
670,Thomas Mac Mahon,LH,LABCORP HOLDINGS INC,15774,2000,2006,7,7
671,David King,LH,LABCORP HOLDINGS INC,29709,2004,2020,1,17
672,James Boyle,LH,LABCORP HOLDINGS INC,41319,2010,2015,12,6
673,Joseph Herring,LH,LABCORP HOLDINGS INC,18371,2015,2015,7,1
674,John Ratliff,LH,LABCORP HOLDINGS INC,24098,2016,2019,11,4
675,Deborah L. Keller,LH,LABCORP HOLDINGS INC,51015,2016,2016,1,1
676,Gary Huff,LH,LABCORP HOLDINGS INC,55043,2017,2018,12,2
677,William Greehey,VLO,VALERO ENERGY CORP,996,2000,2005,11,6
678,William Klesse,VLO,VALERO ENERGY CORP,5447,2002,2014,10,13
679,Andrew Silvernail,IEX,IDEX CORP,40951,2010,2020,10,11
680,Thomas Oland,TECH,BIO-TECHNE CORP,18163,2000,2013,1,14
681,John Thompson,GEN,GEN DIGITAL INC,19772,2000,2008,1,9
682,Stephen Bennett,GEN,GEN DIGITAL INC,20241,2012,2013,6,2
683,Michael Brown,GEN,GEN DIGITAL INC,4834,2013,2016,8,4
684,Gregory Clark,GEN,GEN DIGITAL INC,51776,2016,2019,5,4
685,William Thomas,EOG,EOG RESOURCES INC,42776,2011,2021,6,11
686,John Riccitiello,EA,ELECTRONIC ARTS INC,15533,2000,2012,1,13
687,Benjamin Breier,KND,KINDRED HEALTHCARE INC,38946,2007,2017,1,11
688,John Legere,TMUS,T-MOBILE US INC,27292,2013,2020,2,8
689,Ray Seegmiller,CTRA,COTERRA ENERGY INC,13146,2000,2002,1,3
690,Thomas Quindlen,SYF,SYNCHRONY FINANCIAL,48392,2013,2022,10,10
691,Alberto Casellas,SYF,SYNCHRONY FINANCIAL,61473,2021,2021,1,1
692,S. Ellenbogen,HOLX,HOLOGIC INC,13943,2000,2001,1,2
693,John Cumming,HOLX,HOLOGIC INC,22966,2001,2014,1,14
694,Ellen Alemany,CFG,CITIZENS FINANCIAL GROUP INC,48750,2013,2013,1,1
695,Thomas Frist Jr.,HCA,HCA HEALTHCARE INC,455,2000,2001,1,2
696,Richard Bracken,HCA,HCA HEALTHCARE INC,16865,2000,2013,7,14
697,R. Johnson,HCA,HCA HEALTHCARE INC,28168,2002,2019,1,18
698,John Adams,AZO,AUTOZONE INC,12317,2000,2001,1,2
699,Stephen Odland,AZO,AUTOZONE INC,22758,2001,2005,3,5
700,David Shaw,IDXX,IDEXX LABS INC,7791,2000,2002,1,3
701,Dennis Bakke,AES,AES CORP (THE),3893,2000,2002,1,3
702,Paul Hanrahan,AES,AES CORP (THE),20985,2000,2011,9,12
703,Kenneth Horton,VRTX,VERTEX PHARMACEUTICALS INC,44365,2012,2014,7,3
704,Edward Kaplan,ZBRA,ZEBRA TECHNOLOGIES CP  -CL A,8765,2000,2007,9,8
705,James Mullen,BIIB,BIOGEN INC,13278,2003,2010,1,8
706,George Scangos,BIIB,BIOGEN INC,41346,2010,2017,1,8
707,John Cox,BIIB,BIOGEN INC,43232,2011,2016,6,6
708,Michel Vounatsos,BIIB,BIOGEN INC,51476,2016,2022,11,7
709,John Milligan,GILD,GILEAD SCIENCES INC,26635,2001,2018,9,18
710,Brian Jellison,ROP,ROPER TECHNOLOGIES INC,14340,2002,2018,8,17
711,Chi-Foon Chan,SNPS,SYNOPSYS INC,14027,2000,2022,1,23
712,Dennis Reilley,LIN,LINDE PLC,16454,2000,2006,1,7
713,Stephen Angel,LIN,LINDE PLC,23103,2001,2022,1,22
714,James Tobin,BSX,BOSTON SCIENTIFIC CORP,1160,2000,2009,1,10
715,Les Vinney,STE,STERIS PLC,16742,2000,2007,1,8
716,Walter Rosebrough,STE,STERIS PLC,33815,2007,2021,2,15
717,Orin Smith,SBUX,STARBUCKS CORP,13422,2000,2005,1,6
718,James Donald,SBUX,STARBUCKS CORP,25850,2003,2008,1,6
719,Gregory Blatt,MTCH,MATCH GROUP INC,29994,2003,2013,12,11
720,Joseph Levin,MTCH,MATCH GROUP INC,49689,2015,2019,1,5
721,Margaret Whitman,HPE,HEWLETT PACKARD ENTERPRISE,5706,2012,2018,1,7
722,Patrick Murphy,FTV,FORTIVE CORP,50086,2015,2022,1,8
723,Stephen Bennett,INTU,INTUIT INC,20241,2000,2008,1,9
724,Dominic Frederico,CB,CHUBB LTD,22917,2000,2003,1,4
725,Richard Fain,RCL,ROYAL CARIBBEAN GROUP,46764,2007,2021,11,15
726,Klaus-Christian Kleinfeld,HWM,HOWMET AEROSPACE INC,32501,2007,2017,4,11
727,David Hess,HWM,HOWMET AEROSPACE INC,40915,2017,2018,3,2
728,Tolga Oal,HWM,HOWMET AEROSPACE INC,60128,2020,2021,10,2
729,John Lovato,JBL,JABIL INC,31193,2004,2011,1,8
730,Hwai Chiang,JBL,JABIL INC,43727,2012,2013,1,2
731,Alessandro Parimbelli,JBL,JABIL INC,50295,2016,2017,1,2
732,Michael Loparco,JBL,JABIL INC,57616,2019,2022,1,4
733,Michael Krasny,CDW,CDW CORP,18438,2000,2001,1,2
734,Thomas Richards,CDW,CDW CORP,14210,2009,2018,12,10
735,Dogan Civgin,ALL,ALLSTATE CORP,29081,2008,2022,4,15
736,Douglas Crocker II,EQR,EQUITY RESIDENTIAL,21142,2000,2002,1,3
737,David Neithercut,EQR,EQUITY RESIDENTIAL,21144,2000,2018,9,19
738,Bruce Duncan,EQR,EQUITY RESIDENTIAL,24621,2002,2005,12,4
739,John Fiedler,BWA,BORGWARNER INC,13718,2000,2003,1,4
740,James Verrier,BWA,BORGWARNER INC,42879,2011,2018,6,8
741,Frances Rathke,KDP,KEURIG DR PEPPER INC,34012,2007,2015,1,9
742,Robert Stiller,KDP,KEURIG DR PEPPER INC,34013,2007,2008,1,2
743,Brian Kelley,KDP,KEURIG DR PEPPER INC,45261,2013,2015,1,3
744,Ozan Dokmecioglu,KDP,KEURIG DR PEPPER INC,58672,2018,2022,4,5
745,Arne Sorenson,MAR,MARRIOTT INTL INC,20993,2000,2021,2,22
746,Roy Whitfield,INCY,INCYTE CORP,15392,2000,2001,1,2
747,Paul Friedman,INCY,INCYTE CORP,23532,2001,2014,1,14
748,Earnest Deavenport,EMN,EASTMAN CHEMICAL CO,1603,2000,2001,1,2
749,Simon R. Wadsworth,MAA,MID-AMERICA APT CMNTYS INC,30247,2003,2009,1,7
750,Gregory Sandfort,TSCO,TRACTOR SUPPLY CO,28409,2008,2020,1,13
751,Luther Kissam,ALB,ALBEMARLE CORP,29189,2003,2020,2,18
752,James Rubright,WRK,WESTROCK CO,5863,2001,2014,1,14
753,Steven Voorhees,WRK,WESTROCK CO,25817,2001,2021,1,21
754,Walter Rakowich,PLD,PROLOGIS INC,26149,2001,2012,12,12
755,John Seiple,PLD,PROLOGIS INC,26151,2001,2005,1,5
756,Jeffrey Schwartz,PLD,PROLOGIS INC,26150,2002,2008,1,7
757,Guy Jaquier,PLD,PROLOGIS INC,26276,2009,2013,7,5
758,John Bartling,INVH,INVITATION HOMES INC,62264,2015,2017,3,3
759,Ross Centanni,IR,INGERSOLL RAND INC,15922,2000,2008,1,9
760,Barry Pennypacker,IR,INGERSOLL RAND INC,32261,2008,2012,1,5
761,Michael Larsen,IR,INGERSOLL RAND INC,41005,2010,2012,1,3
762,Thomas Lewis,O,REALTY INCOME CORP,33446,2006,2013,9,8
763,John Case,O,REALTY INCOME CORP,41391,2010,2018,10,9
764,Gary Perlin,COF,CAPITAL ONE FINANCIAL CORP,27626,2003,2013,2,11
765,Stephen Crawford,COF,CAPITAL ONE FINANCIAL CORP,29008,2013,2017,5,5
766,Gary Philbin,DLTR,DOLLAR TREE INC,31932,2006,2020,9,15
767,Michael Witynski,DLTR,DOLLAR TREE INC,55149,2017,2022,6,6
768,R. Yost,COR,CENCORA INC,20354,2000,2011,7,12
769,Clarence Otis,DRI,DARDEN RESTAURANTS INC,19771,2000,2014,10,15
770,Kieran Gallahue,RMD,RESMED INC,27254,2003,2011,2,9
771,James Collins,CTVA,CORTEVA INC,48584,2018,2021,6,4
772,Timothy McLevish,CARR,CARRIER GLOBAL CORP,20860,2020,2020,10,1
773,Raymond Betler,WAB,WABTEC CORP,39333,2009,2019,4,11
774,Constantine Iordanou,ACGL,ARCH CAPITAL GROUP LTD,29162,2002,2018,1,17
775,Dwight Evans,ACGL,ARCH CAPITAL GROUP LTD,29164,2002,2004,1,3
776,Ralph Jones,ACGL,ARCH CAPITAL GROUP LTD,29165,2003,2007,1,5
777,David McElroy,ACGL,ARCH CAPITAL GROUP LTD,44449,2012,2016,1,5
778,Andrew Rippert,ACGL,ARCH CAPITAL GROUP LTD,55163,2017,2018,1,2
779,Joseph Taranto,EG,EVEREST GROUP LTD,1877,2000,2013,1,14
780,Peter Bennett,EG,EVEREST GROUP LTD,21415,2000,2004,1,5
781,Mark de Saram,EG,EVEREST GROUP LTD,28144,2002,2015,1,14
782,Dominic Addesso,EG,EVEREST GROUP LTD,7269,2009,2019,1,11
783,Ralph Jones,EG,EVEREST GROUP LTD,29165,2009,2010,7,2
784,John Doucette,EG,EVEREST GROUP LTD,42907,2011,2021,1,11
785,Manuel Perez de la Mesa,POOL,POOL CORP,15461,2000,2018,1,19
786,Kent Thiry,DVA,DAVITA INC,7568,2000,2020,3,21
787,Dennis Kogod,DVA,DAVITA INC,35679,2008,2015,1,8
788,Bradford Connett,HSIC,HENRY SCHEIN INC,63277,2022,2022,1,1
789,Fred Langhammer,EL,ESTEE LAUDER COMPANIES INC,12444,2000,2004,1,5
790,Richard Kunes,EL,ESTEE LAUDER COMPANIES INC,32835,2007,2013,1,7
791,Douglas Berthiaume,WAT,WATERS CORP,2978,2000,2015,9,16
792,Christopher O'Connell,WAT,WATERS CORP,40311,2015,2020,1,6
793,Thomas Georgens,NTAP,NETAPP INC,21208,2006,2015,6,10
794,Ramani Ayer,HIG,HARTFORD FINANCIAL SERVICES,12661,2000,2009,9,10
795,Liam McGee,HIG,HARTFORD FINANCIAL SERVICES,27736,2009,2014,6,6
796,Robert Brennan,IRM,IRON MOUNTAIN INC,29928,2004,2011,4,8
797,Doreen Spadorcia,TRV,TRAVELERS COS INC,49359,2015,2015,1,1
798,James Cashman,ANSS,ANSYS INC,26216,2001,2016,12,16
799,Keith Busse,STLD,STEEL DYNAMICS INC,18253,2000,2011,10,12
800,Kenneth Freeman,DGX,QUEST DIAGNOSTICS INC,19668,2000,2004,12,5
801,Surya Mohapatra,DGX,QUEST DIAGNOSTICS INC,19669,2000,2012,4,13
802,W. Ligon,KMX,CARMAX INC,21658,2001,2006,1,6
803,Thomas Folliard,KMX,CARMAX INC,34299,2001,2016,9,16
804,Kelly Sumner,TTWO,TAKE-TWO INTERACTIVE SFTWR,22454,2000,2004,1,5
805,Paul Eibeler,TTWO,TAKE-TWO INTERACTIVE SFTWR,22455,2000,2007,1,8
806,Jeffrey Lapin,TTWO,TAKE-TWO INTERACTIVE SFTWR,18173,2003,2004,1,2
807,Benjamin Feder,TTWO,TAKE-TWO INTERACTIVE SFTWR,32444,2007,2010,10,4
808,Jeffrey Wilke,AMZN,AMAZON.COM INC,18648,2000,2019,1,20
809,David Clark,AMZN,AMAZON.COM INC,60286,2020,2021,1,2
810,Stephen Richardson,ARE,ALEXANDRIA R E EQUITIES INC,43282,2011,2022,7,12
811,David Norbury,QRVO,QORVO INC,20496,2000,2002,1,3
812,Stefan Larsson,RL,RALPH LAUREN CORP,44174,2015,2017,5,3
813,Graham Allan,YUM,YUM BRANDS INC,29413,2005,2011,11,7
814,Jing-Shyh Su,YUM,YUM BRANDS INC,31060,2006,2015,12,10
815,Scott Bergren,YUM,YUM BRANDS INC,41426,2008,2014,1,7
816,Muktesh Pant,YUM,YUM BRANDS INC,42957,2011,2016,9,6
817,Brian Niccol,YUM,YUM BRANDS INC,49383,2015,2017,1,3
818,Roger Eaton,YUM,YUM BRANDS INC,51217,2016,2018,9,3
819,Mark King,YUM,YUM BRANDS INC,58400,2019,2022,1,4
820,Anthony Lowings,YUM,YUM BRANDS INC,58401,2019,2021,9,3
821,Hamid Moghadam,AMB,AMB PROPERTY CORP,26273,2001,2010,1,10
822,D.R. Verdoorn,CHRW,C H ROBINSON WORLDWIDE INC,18528,2000,2002,1,3
823,John Wiehoff,CHRW,C H ROBINSON WORLDWIDE INC,19034,2000,2019,2,20
824,Robert Biesterfeld,CHRW,C H ROBINSON WORLDWIDE INC,54632,2015,2022,1,8
825,Olivier Filliol,MTD,METTLER-TOLEDO INTL INC,25466,2001,2021,1,21
826,Wayland Hicks,URI,UNITED RENTALS INC,3509,2000,2007,6,8
827,Bradley Jacobs,URI,UNITED RENTALS INC,20085,2000,2003,1,4
828,Michael Kneeland,URI,UNITED RENTALS INC,26766,2003,2019,3,17
829,Stratton Sclavos,VRSN,VERISIGN INC,29629,2001,2007,6,7
830,Mark McLaughlin,VRSN,VERISIGN INC,32012,2006,2011,7,6
831,William Roper,VRSN,VERISIGN INC,33564,2007,2008,7,2
832,James O'Neil,PWR,QUANTA SERVICES INC,39997,2009,2016,1,8
833,Ken MacKenzie,AMCR,AMCOR PLC,57336,2007,2015,1,9
834,Kevin Sheehan,NCLH,NORWEGIAN CRUISE LINE HLDGS,24595,2009,2015,1,7
835,Andrew Stuart,NCLH,NORWEGIAN CRUISE LINE HLDGS,51880,2010,2019,10,10
836,Robert Binder,NCLH,NORWEGIAN CRUISE LINE HLDGS,51875,2015,2019,1,5
837,Jason Montague,NCLH,NORWEGIAN CRUISE LINE HLDGS,51879,2015,2022,12,8
838,Howard Sherman,NCLH,NORWEGIAN CRUISE LINE HLDGS,63688,2022,2022,12,1
839,James Taiclet,AMT,AMERICAN TOWER CORP,32778,2006,2020,3,15
840,Edmund DiSanto,AMT,AMERICAN TOWER CORP,32782,2007,2022,10,16
841,Wijeyaraj Mahadeva,CTSH,COGNIZANT TECH SOLUTIONS,26785,2001,2003,1,3
842,Francisco D'Souza,CTSH,COGNIZANT TECH SOLUTIONS,26787,2001,2019,1,19
843,Charles Serianni,RSG,REPUBLIC SERVICES INC,47601,2014,2020,5,7
844,John Donahoe,EBAY,EBAY INC,29529,2005,2015,6,11
845,Devin Wenig,EBAY,EBAY INC,42986,2011,2019,9,9
846,Henry Paulson,GS,GOLDMAN SACHS GROUP INC,18340,2000,2006,1,7
847,Lloyd Blankfein,GS,GOLDMAN SACHS GROUP INC,24365,2000,2018,12,19
848,Richard Gnodde,GS,GOLDMAN SACHS GROUP INC,55200,2017,2018,1,2
849,J. Battenberg III,APTV,APTIV PLC,14931,2000,2005,1,6
850,Robert Miller,APTV,APTIV PLC,12942,2005,2006,1,2
851,Christopher Soder,BKNG,BOOKING HOLDINGS INC,26883,2001,2014,1,14
852,Stef Norden,BKNG,BOOKING HOLDINGS INC,31902,2006,2008,8,3
853,Kees Koolen,BKNG,BOOKING HOLDINGS INC,36003,2008,2011,9,4
854,Darren Huston,BKNG,BOOKING HOLDINGS INC,43484,2011,2016,4,6
855,Gillian Tans,BKNG,BOOKING HOLDINGS INC,49746,2015,2019,6,5
856,John McAdam,FFIV,F5 INC,4247,2002,2017,1,16
857,Manuel Rivelo,FFIV,F5 INC,43767,2012,2016,1,5
858,Kevin Johnson,JNPR,JUNIPER NETWORKS INC,27193,2008,2013,2,6
859,Shaygan Kheradpir,JNPR,JUNIPER NETWORKS INC,47616,2014,2014,3,1
860,George Conrades,AKAM,AKAMAI TECHNOLOGIES INC,9430,2000,2005,1,6
861,Kornelis Smit,CHTR,CHARTER COMMUNICATIONS INC,42456,2007,2010,1,4
862,Michael Lovett,CHTR,CHARTER COMMUNICATIONS INC,50135,2007,2012,2,6
863,Dara Khosrowshahi,EXPE,EXPEDIA GROUP INC,16588,2006,2017,9,12
864,Mark Okerstrom,EXPE,EXPEDIA GROUP INC,43301,2011,2019,12,9
865,Edward Barnholt,A,AGILENT TECHNOLOGIES INC,5669,2000,2005,1,6
866,Ronald Nersesian,A,AGILENT TECHNOLOGIES INC,34854,2008,2014,11,7
867,Aldo Pichelli,TDY,TELEDYNE TECHNOLOGIES INC,26221,2003,2021,8,19
868,Thomas Reslewic,TDY,TELEDYNE TECHNOLOGIES INC,53675,2017,2017,1,1
869,Robert Benmosche,MET,METLIFE INC,20972,2000,2006,1,7
870,Steven Kandarian,MET,METLIFE INC,35296,2008,2019,1,12
871,David Crane,NRG,NRG ENERGY INC,37704,2007,2015,12,9
872,Stephen Smith,EQIX,EQUINIX INC,36529,2007,2018,1,12
873,John Rutherfurd,MCO,MOODY'S CORP,20103,2000,2005,4,6
874,Raymond McDaniel,MCO,MOODY'S CORP,20106,2000,2020,1,21
875,Victor Luis,TPR,TAPESTRY INC,45076,2013,2020,1,8
876,Joshua Schulman,TPR,TAPESTRY INC,44953,2018,2020,1,3
877,Thomas Prescott,ALGN,ALIGN TECHNOLOGY INC,36420,2006,2015,6,10
878,Timothy Mack,ALGN,ALIGN TECHNOLOGY INC,43031,2011,2013,1,3
879,Paul Garcia,GPN,GLOBAL PAYMENTS INC,20028,2000,2013,10,14
880,Raul Limon,GPN,GLOBAL PAYMENTS INC,28718,2003,2004,1,2
881,Roger Deromedi,MDLZ,MONDELEZ INTERNATIONAL INC,23075,2000,2006,1,7
882,Irene Rosenfeld,MDLZ,MONDELEZ INTERNATIONAL INC,23077,2000,2017,8,18
883,William Vernon,MDLZ,MONDELEZ INTERNATIONAL INC,41468,2010,2012,10,3
884,Arthur Ryan,PRU,PRUDENTIAL FINANCIAL INC,1367,2000,2007,2,8
885,John Strangfeld,PRU,PRUDENTIAL FINANCIAL INC,23597,2000,2018,9,19
886,Joe Forehand,ACN,ACCENTURE PLC,23070,2000,2004,1,5
887,Pierre Nanterme,ACN,ACCENTURE PLC,42282,2011,2019,1,9
888,David Rowland,ACN,ACCENTURE PLC,45297,2013,2021,6,9
889,Grahame Millwater,WTW,WILLIS TOWERS WATSON PLC,48514,2007,2010,2,4
890,Victor Krauze,WTW,WILLIS TOWERS WATSON PLC,48519,2011,2013,7,3
891,Stephen Hearn,WTW,WILLIS TOWERS WATSON PLC,48511,2012,2014,4,3
892,Dominic James Casserley,WTW,WILLIS TOWERS WATSON PLC,48512,2013,2016,1,4
893,Nicolas Aubert,WTW,WILLIS TOWERS WATSON PLC,49770,2015,2016,1,2
894,John Haley,WTW,WILLIS TOWERS WATSON PLC,25711,2016,2021,12,6
895,Lee Kennedy,CEY.3,CERTEGY INC,14525,2001,2006,1,6
896,Raul Padilla,BG,BUNGE GLOBAL SA,62713,2010,2021,1,12
897,Soren Schroder,BG,BUNGE GLOBAL SA,62708,2013,2019,1,7
898,Brian Thomsen,BG,BUNGE GLOBAL SA,62707,2014,2018,1,5
899,J. Elliott,ZBH,ZIMMER BIOMET HOLDINGS INC,23236,2000,2007,5,8
900,Daniel Florin,ZBH,ZIMMER BIOMET HOLDINGS INC,34885,2015,2019,6,5
901,Larry Glasscock,ELV,ELEVANCE HEALTH INC,23641,2000,2007,2,8
902,Keith Faller,ELV,ELEVANCE HEALTH INC,23644,2000,2006,1,7
903,Thomas Snead,ELV,ELEVANCE HEALTH INC,17472,2002,2004,1,3
904,Joan Herman,ELV,ELEVANCE HEALTH INC,18917,2004,2007,10,4
905,John Watts,ELV,ELEVANCE HEALTH INC,29735,2004,2006,1,3
906,Michael Stocker,ELV,ELEVANCE HEALTH INC,31006,2006,2006,1,1
907,Angela Rose Braly,ELV,ELEVANCE HEALTH INC,32716,2007,2012,1,6
908,Mark Boxer,ELV,ELEVANCE HEALTH INC,32718,2007,2007,1,1
909,Dijuana Lewis,ELV,ELEVANCE HEALTH INC,35326,2008,2009,1,2
910,Kenneth Goulet,ELV,ELEVANCE HEALTH INC,35327,2008,2015,5,8
911,Brian Sassi,ELV,ELEVANCE HEALTH INC,39679,2009,2011,1,3
912,Joseph Swedish,ELV,ELEVANCE HEALTH INC,46075,2013,2017,11,5
913,Brent Layton,CNC,CENTENE CORP,61247,2021,2022,5,2
914,James McCaughan,PFG,PRINCIPAL FINANCIAL GRP INC,25297,2002,2018,9,17
915,Craig Donohue,CME,CME GROUP INC,27722,2002,2012,4,11
916,Phupinder Gill,CME,CME GROUP INC,27723,2002,2016,11,15
917,Stephen Wynn,WYNN,WYNN RESORTS LTD,643,2006,2018,4,13
918,Matthew Maddox,WYNN,WYNN RESORTS LTD,35232,2008,2022,1,15
919,Robert Greifeld,NDAQ,NASDAQ INC,21017,2003,2016,11,14
920,William D. Watkins,STX,SEAGATE TECHNOLOGY HOLDINGS,15840,2001,2009,3,9
921,Joseph Molina,MOH,MOLINA HEALTHCARE INC,33256,2006,2017,12,12
922,Joseph White,MOH,MOLINA HEALTHCARE INC,41054,2008,2018,5,11
923,John Quinn,LKQ,LKQ CORP,37789,2009,2019,8,11
924,Arnd Franz,LKQ,LKQ CORP,58479,2019,2022,9,4
925,J. Clayton,AIZ,ASSURANT INC,31139,2006,2008,1,3
926,Robert Pollock,AIZ,ASSURANT INC,31140,2006,2014,5,9
927,Donald Hamm,AIZ,ASSURANT INC,31143,2006,2008,1,3
928,Steven Lemasters,AIZ,ASSURANT INC,31144,2006,2015,1,10
929,John Roberts,AIZ,ASSURANT INC,23365,2007,2009,1,3
930,Alan Colberg,AIZ,ASSURANT INC,43067,2011,2021,5,11
931,Adam Lamnin,AIZ,ASSURANT INC,44548,2012,2012,1,1
932,Keith Block,CRM,SALESFORCE INC,23585,2013,2020,2,8
933,Bret Taylor,CRM,SALESFORCE INC,56955,2018,2022,11,5
934,David Brandon,DPZ,DOMINO'S PIZZA INC,9141,2007,2010,1,4
935,J. Doyle,DPZ,DOMINO'S PIZZA INC,44847,2007,2018,1,12
936,Roger Linquist,PCS,METROPCS COMMUNICATIONS INC,36123,2006,2012,1,7
937,Spencer Kirk,EXR,EXTRA SPACE STORAGE INC,33035,2007,2016,9,10
938,Michael Foust,DLR,DIGITAL REALTY TRUST INC,49780,2007,2014,3,8
939,Arthur Stein,DLR,DIGITAL REALTY TRUST INC,49787,2007,2022,3,16
940,Sheldon Adelson,LVS,LAS VEGAS SANDS CORP,57368,2007,2021,1,15
941,Steven Jacobs,LVS,LAS VEGAS SANDS CORP,57369,2009,2010,1,2
942,Thomas Arasi,LVS,LAS VEGAS SANDS CORP,57374,2010,2010,1,1
943,Edward Tracy,LVS,LAS VEGAS SANDS CORP,57378,2013,2014,1,2
944,George Markantonis,LVS,LAS VEGAS SANDS CORP,57372,2015,2015,1,1
945,George Tanasijevich,LVS,LAS VEGAS SANDS CORP,57377,2016,2016,1,1
946,David Weidman,CE,CELANESE CORP,55721,2007,2012,3,6
947,Mark Rohr,CE,CELANESE CORP,18845,2012,2019,4,8
948,Floyd Sherman,BLDR,BUILDERS FIRSTSOURCE,16387,2007,2018,1,12
949,David Flitman,BLDR,BUILDERS FIRSTSOURCE,33905,2021,2022,11,2
950,David Goone,ICE,INTERCONTINENTAL EXCHANGE,33114,2006,2021,1,16
951,Sunil Hirani,ICE,INTERCONTINENTAL EXCHANGE,39734,2009,2009,1,1
952,Stephen Wilson,CF,CF INDUSTRIES HOLDINGS INC,32904,2006,2014,1,9
953,Mark Hollinger,WBD,WARNER BROS DISCOVERY INC,37850,2007,2013,3,7
954,Walter Havenstein,LDOS,LEIDOS HOLDINGS INC,40226,2009,2012,2,4
955,John Jumper,LDOS,LEIDOS HOLDINGS INC,44759,2012,2014,2,3
956,Alan Ridgeway,LYV,LIVE NATION ENTERTAINMENT,34512,2006,2011,1,6
957,Bruce Eskowitz,LYV,LIVE NATION ENTERTAINMENT,34515,2006,2006,1,1
958,Michael Cohl,LYV,LIVE NATION ENTERTAINMENT,34510,2007,2008,1,2
959,Jason Garner,LYV,LIVE NATION ENTERTAINMENT,34511,2007,2010,11,4
960,Nathan Hubbard,LYV,LIVE NATION ENTERTAINMENT,41749,2010,2013,8,4
961,M. Ells,CMG,CHIPOTLE MEXICAN GRILL INC,34304,2006,2018,1,13
962,Gary Norcross,FIS,FIDELITY NATIONAL INFO SVCS,35378,2008,2022,10,15
963,Frank Slootman,NOW,SERVICENOW INC,57700,2011,2017,2,7
964,John Donahoe,NOW,SERVICENOW INC,29529,2017,2019,11,3
965,Michael Lehman,PANW,PALO ALTO NETWORKS INC,13979,2011,2012,1,2
966,Mark McLaughlin,PANW,PALO ALTO NETWORKS INC,32012,2012,2018,6,7
967,Robert Gillette,FSLR,FIRST SOLAR INC,29132,2009,2011,8,3
968,James Hughes,FSLR,FIRST SOLAR INC,44576,2012,2016,9,5
969,Patrick Sullivan,PODD,INSULET CORP,22542,2014,2018,9,5
970,David Nelms,DFS,DISCOVER FINANCIAL SVCS,34228,2007,2018,12,12
971,Christine Day,LULU,LULULEMON ATHLETICA INC,64384,2007,2013,6,7
972,Laurent Potdevin,LULU,LULULEMON ATHLETICA INC,64385,2013,2017,1,5
973,Carl Rubin,ULTA,ULTA BEAUTY INC,28030,2010,2013,2,4
974,Dennis Eck,ULTA,ULTA BEAUTY INC,5182,2013,2013,2,1
975,Donald Correll,AWK,AMERICAN WATER WORKS CO INC,12905,2007,2010,8,4
976,Susan Story,AWK,AMERICAN WATER WORKS CO INC,48903,2013,2020,1,8
977,Charles Scharf,V,VISA INC,20948,2013,2017,1,5
978,Martin King,PM,PHILIP MORRIS INTERNATIONAL,47726,2014,2021,6,8
979,Scott Stephenson,VRSK,VERISK ANALYTICS INC,48319,2007,2022,2,16
980,Frank Coyne,VRSK,VERISK ANALYTICS INC,48323,2007,2013,2,7
981,Joe Perkins,TRGP,TARGA RESOURCES CORP,19042,2007,2020,1,14
982,James Whalen,TRGP,TARGA RESOURCES CORP,26378,2007,2013,1,7
983,Gary Heminger,MPC,MARATHON PETROLEUM CORP,29019,2008,2020,5,13
984,Paul Nahi,ENPH,ENPHASE ENERGY INC,58784,2010,2017,8,8
985,Gretchen McClain,XYL,XYLEM INC,32646,2008,2013,9,6
986,Steven Loranger,XYL,XYLEM INC,26006,2013,2014,3,2
987,D. Bays,XYL,XYLEM INC,54852,2017,2017,1,1
988,Ray Wirta,CBRE,CBRE GROUP INC,30553,2003,2005,2,3
989,James Gallogly,LYB,LYONDELLBASELL INDUSTRIES NV,31023,2009,2015,1,7
990,Bhavesh Patel,LYB,LYONDELLBASELL INDUSTRIES NV,43641,2010,2021,12,12
